<annotation>
	<folder>img</folder>
	<filename>lena.jpg</filename>
	<path>E:\other\windows_v1.5.1\img\lena.jpg</path>
	<source>
		<database>Unknown</database>
	</source>
	<size>
		<width>512</width>
		<height>512</height>
		<depth>3</depth>
	</size>
	<segmented>0</segmented>
	<object>
		<name>example</name>
		<pose>Unspecified</pose>
		<truncated>0</truncated>
		<difficult>0</difficult>
		<bndbox>
			<xmin>122</xmin>
			<ymin>51</ymin>
			<xmax>327</xmax>
			<ymax>246</ymax>
		</bndbox>
	</object>
	<object>
		<name>seal</name>
		<pose>Unspecified</pose>
		<truncated>0</truncated>
		<difficult>0</difficult>
		<bndbox>
			<xmin>227</xmin>
			<ymin>256</ymin>
			<xmax>372</xmax>
			<ymax>409</ymax>
		</bndbox>
	</object>
</annotation>
