<annotation verified="no">
  <folder>gan_prepro</folder>
  <filename>gan-130.jpg</filename>
  <path>C:\Users\Shawn\Desktop\gan_prepro\gan-130.jpg</path>
  <source>
    <database>Unknown</database>
  </source>
  <size>
    <width>612</width>
    <height>452</height>
    <depth>1</depth>
  </size>
  <segmented>0</segmented>
  <object>
    <name>gan</name>
    <pose>Unspecified</pose>
    <truncated>0</truncated>
    <Difficult>0</Difficult>
    <bndbox>
      <xmin>2</xmin>
      <ymin>91</ymin>
      <xmax>172</xmax>
      <ymax>297</ymax>
    </bndbox>
  </object>
</annotation>
